Id,Pred
2016_1112_1114,0.8316868842749998
2016_1112_1122,0.93
2016_1112_1124,0.11860433847929364
2016_1112_1138,0.93
2016_1112_1139,0.5519771716093003
2016_1112_1143,0.7975592524068214
2016_1112_1151,0.8126920199052782
2016_1112_1153,0.8900235216070521
2016_1112_1160,0.93
2016_1112_1163,0.8870110797027965
2016_1112_1167,0.93
2016_1112_1173,0.6822449939452021
2016_1112_1181,0.29510312873453215
2016_1112_1192,0.93
2016_1112_1195,0.6242220417197935
2016_1112_1201,0.19442050296557245
2016_1112_1211,0.27302616117246215
2016_1112_1214,0.93
2016_1112_1218,0.07
2016_1112_1221,0.93
2016_1112_1231,0.07
2016_1112_1233,0.135064204540025
2016_1112_1234,0.13780321709263144
2016_1112_1235,0.07
2016_1112_1242,0.07
2016_1112_1246,0.07
2016_1112_1268,0.7290836048675537
2016_1112_1274,0.07
2016_1112_1276,0.32440312101753266
2016_1112_1277,0.07
2016_1112_1292,0.42270226145400003
2016_1112_1314,0.07
2016_1112_1320,0.844975254631381
2016_1112_1323,0.46885311507064564
2016_1112_1328,0.07
2016_1112_1332,0.07
2016_1112_1333,0.7928542020919083
2016_1112_1338,0.93
2016_1112_1344,0.2360790578367492
2016_1112_1345,0.4527197207584245
2016_1112_1355,0.93
2016_1112_1371,0.09936636726904047
2016_1112_1372,0.93
2016_1112_1380,0.8528302311174609
2016_1112_1386,0.13025225946700025
2016_1112_1392,0.8736694398657385
2016_1112_1393,0.22979859416217763
2016_1112_1396,0.13298003798904068
2016_1112_1400,0.33384305768832845
2016_1112_1401,0.07
2016_1112_1403,0.6221869098898132
2016_1112_1409,0.11817240684169938
2016_1112_1421,0.20662637558402153
2016_1112_1423,0.07
2016_1112_1425,0.16472976166450903
2016_1112_1428,0.5799111601238267
2016_1112_1433,0.08623675101356187
2016_1112_1435,0.93
2016_1112_1437,0.07
2016_1112_1438,0.93
2016_1112_1451,0.5962702778033342
2016_1112_1452,0.24388745345677254
2016_1112_1453,0.07
2016_1112_1455,0.6335428592491222
2016_1112_1458,0.8574975593828691
2016_1112_1462,0.07914040526507515
2016_1112_1463,0.6847150417470941
2016_1114_1122,0.371408270843276
2016_1114_1124,0.07
2016_1114_1138,0.9017240835635666
2016_1114_1139,0.07
2016_1114_1143,0.2970099552740334
2016_1114_1151,0.4389244501949974
2016_1114_1153,0.8096393412432643
2016_1114_1160,0.6087466882064403
2016_1114_1163,0.2507693334177533
2016_1114_1167,0.5098986823405819
2016_1114_1173,0.16477718667518038
2016_1114_1181,0.2714135662981576
2016_1114_1192,0.6012492368813016
2016_1114_1195,0.8634426149793162
2016_1114_1201,0.19898175608979263
2016_1114_1211,0.07
2016_1114_1214,0.9191967598752298
2016_1114_1218,0.07
2016_1114_1221,0.21209899523592746
2016_1114_1231,0.07
2016_1114_1233,0.8873948994982891
2016_1114_1234,0.6011579571614645
2016_1114_1235,0.07
2016_1114_1242,0.07
2016_1114_1246,0.07269645630037791
2016_1114_1268,0.19547893196398292
2016_1114_1274,0.07
2016_1114_1276,0.07
2016_1114_1277,0.07
2016_1114_1292,0.07
2016_1114_1314,0.07
2016_1114_1320,0.4090377028557487
2016_1114_1323,0.8045207870414198
2016_1114_1328,0.07
2016_1114_1332,0.28847866205378747
2016_1114_1333,0.11829074610383639
2016_1114_1338,0.3236735960529483
2016_1114_1344,0.33399603897687524
2016_1114_1345,0.07
2016_1114_1355,0.7941807021983439
2016_1114_1371,0.07
2016_1114_1372,0.41639956982878135
2016_1114_1380,0.11776486924496854
2016_1114_1386,0.3315610817633956
2016_1114_1392,0.07
2016_1114_1393,0.07
2016_1114_1396,0.07
2016_1114_1400,0.07
2016_1114_1401,0.07
2016_1114_1403,0.07
2016_1114_1409,0.07
2016_1114_1421,0.5114964135780136
2016_1114_1423,0.18347501147666023
2016_1114_1425,0.16520719872798695
2016_1114_1428,0.07
2016_1114_1433,0.08375566075226892
2016_1114_1435,0.4083195346238512
2016_1114_1437,0.07
2016_1114_1438,0.07
2016_1114_1451,0.3310682105718066
2016_1114_1452,0.16375407926825636
2016_1114_1453,0.5905161917192077
2016_1114_1455,0.18744601197814803
2016_1114_1458,0.11268800016932667
2016_1114_1462,0.14093257705868267
2016_1114_1463,0.22983891581133586
2016_1122_1124,0.07
2016_1122_1138,0.07
2016_1122_1139,0.07
2016_1122_1143,0.07
2016_1122_1151,0.07
2016_1122_1153,0.07
2016_1122_1160,0.07
2016_1122_1163,0.07
2016_1122_1167,0.07
2016_1122_1173,0.07
2016_1122_1181,0.07
2016_1122_1192,0.07
2016_1122_1195,0.07
2016_1122_1201,0.07
2016_1122_1211,0.07
2016_1122_1214,0.07
2016_1122_1218,0.07
2016_1122_1221,0.07
2016_1122_1231,0.07
2016_1122_1233,0.07
2016_1122_1234,0.07
2016_1122_1235,0.07
2016_1122_1242,0.07
2016_1122_1246,0.07
2016_1122_1268,0.07
2016_1122_1274,0.07
2016_1122_1276,0.07
2016_1122_1277,0.07
2016_1122_1292,0.07
2016_1122_1314,0.07
2016_1122_1320,0.07
2016_1122_1323,0.07
2016_1122_1328,0.07
2016_1122_1332,0.07
2016_1122_1333,0.07
2016_1122_1338,0.07
2016_1122_1344,0.07
2016_1122_1345,0.07
2016_1122_1355,0.07
2016_1122_1371,0.07
2016_1122_1372,0.07
2016_1122_1380,0.07
2016_1122_1386,0.07
2016_1122_1392,0.07
2016_1122_1393,0.07
2016_1122_1396,0.07
2016_1122_1400,0.07
2016_1122_1401,0.07
2016_1122_1403,0.07
2016_1122_1409,0.07
2016_1122_1421,0.07
2016_1122_1423,0.07
2016_1122_1425,0.07
2016_1122_1428,0.07
2016_1122_1433,0.07
2016_1122_1435,0.07
2016_1122_1437,0.07
2016_1122_1438,0.07
2016_1122_1451,0.07
2016_1122_1452,0.07
2016_1122_1453,0.07
2016_1122_1455,0.07
2016_1122_1458,0.07
2016_1122_1462,0.07
2016_1122_1463,0.07
2016_1124_1138,0.93
2016_1124_1139,0.07
2016_1124_1143,0.6469795199204393
2016_1124_1151,0.7213624406506587
2016_1124_1153,0.8687804472092796
2016_1124_1160,0.6417908716337819
2016_1124_1163,0.1931936819435086
2016_1124_1167,0.8944718490299602
2016_1124_1173,0.6082241683721723
2016_1124_1181,0.34163147849623365
2016_1124_1192,0.8415139956971446
2016_1124_1195,0.7695049790879693
2016_1124_1201,0.338098634492068
2016_1124_1211,0.145759042431302
2016_1124_1214,0.922152035660056
2016_1124_1218,0.34349716677455
2016_1124_1221,0.2077196104048502
2016_1124_1231,0.07
2016_1124_1233,0.716067528158117
2016_1124_1234,0.6724971380029322
2016_1124_1235,0.32245171867986056
2016_1124_1242,0.07
2016_1124_1246,0.30505814353459626
2016_1124_1268,0.2513513107766493
2016_1124_1274,0.07
2016_1124_1276,0.21209037592948643
2016_1124_1277,0.1802939915713685
2016_1124_1292,0.3604627967572076
2016_1124_1314,0.08687616277020427
2016_1124_1320,0.6010592341193723
2016_1124_1323,0.6363616512963624
2016_1124_1328,0.7797379387072544
2016_1124_1332,0.5096411871184588
2016_1124_1333,0.5771400051255591
2016_1124_1338,0.18391046709585324
2016_1124_1344,0.7390650232727334
2016_1124_1345,0.3643279390125348
2016_1124_1355,0.93
2016_1124_1371,0.44226135707319214
2016_1124_1372,0.7223406438660224
2016_1124_1380,0.6779912545165647
2016_1124_1386,0.6732231808479612
2016_1124_1392,0.93
2016_1124_1393,0.5862643671874257
2016_1124_1396,0.5013016323866394
2016_1124_1400,0.3148047380957789
2016_1124_1401,0.10535917100956782
2016_1124_1403,0.6888867565620267
2016_1124_1409,0.6257403329109037
2016_1124_1421,0.93
2016_1124_1423,0.6314192139976771
2016_1124_1425,0.7722774770414331
2016_1124_1428,0.14236857742531062
2016_1124_1433,0.8550099713263528
2016_1124_1435,0.6729959274776824
2016_1124_1437,0.15340844779256635
2016_1124_1438,0.7768103777076198
2016_1124_1451,0.9186431971564427
2016_1124_1452,0.248183956766028
2016_1124_1453,0.8548975194382991
2016_1124_1455,0.2358262519664852
2016_1124_1458,0.31377910848690926
2016_1124_1462,0.4026587792301639
2016_1124_1463,0.7035379771017276
2016_1138_1139,0.07
2016_1138_1143,0.07
2016_1138_1151,0.07
2016_1138_1153,0.07
2016_1138_1160,0.07
2016_1138_1163,0.07
2016_1138_1167,0.07
2016_1138_1173,0.07
2016_1138_1181,0.07
2016_1138_1192,0.07
2016_1138_1195,0.07
2016_1138_1201,0.07
2016_1138_1211,0.07
2016_1138_1214,0.07
2016_1138_1218,0.07
2016_1138_1221,0.07
2016_1138_1231,0.07
2016_1138_1233,0.07
2016_1138_1234,0.07
2016_1138_1235,0.07
2016_1138_1242,0.07
2016_1138_1246,0.07
2016_1138_1268,0.07
2016_1138_1274,0.07
2016_1138_1276,0.07
2016_1138_1277,0.07
2016_1138_1292,0.07
2016_1138_1314,0.07
2016_1138_1320,0.07
2016_1138_1323,0.07
2016_1138_1328,0.07
2016_1138_1332,0.07
2016_1138_1333,0.07
2016_1138_1338,0.07
2016_1138_1344,0.07
2016_1138_1345,0.07
2016_1138_1355,0.07
2016_1138_1371,0.07
2016_1138_1372,0.07
2016_1138_1380,0.07
2016_1138_1386,0.07
2016_1138_1392,0.07
2016_1138_1393,0.07
2016_1138_1396,0.07
2016_1138_1400,0.07
2016_1138_1401,0.07
2016_1138_1403,0.07
2016_1138_1409,0.07
2016_1138_1421,0.07
2016_1138_1423,0.07
2016_1138_1425,0.07
2016_1138_1428,0.07
2016_1138_1433,0.07
2016_1138_1435,0.07
2016_1138_1437,0.07
2016_1138_1438,0.07
2016_1138_1451,0.07
2016_1138_1452,0.07
2016_1138_1453,0.07
2016_1138_1455,0.07
2016_1138_1458,0.07
2016_1138_1462,0.07
2016_1138_1463,0.07
2016_1139_1143,0.4485702063076188
2016_1139_1151,0.8706255678326422
2016_1139_1153,0.8411700726192238
2016_1139_1160,0.7710256179531563
2016_1139_1163,0.3493698000661897
2016_1139_1167,0.7816242393819722
2016_1139_1173,0.8811195781784863
2016_1139_1181,0.1340379006978346
2016_1139_1192,0.93
2016_1139_1195,0.9294616926317216
2016_1139_1201,0.3179902287664026
2016_1139_1211,0.2183132129161972
2016_1139_1214,0.8200934271679612
2016_1139_1218,0.5537455551488428
2016_1139_1221,0.47575189441163657
2016_1139_1231,0.1353826256845062
2016_1139_1233,0.93
2016_1139_1234,0.93
2016_1139_1235,0.93
2016_1139_1242,0.0843989049655508
2016_1139_1246,0.29673622730799754
2016_1139_1268,0.38502944897980595
2016_1139_1274,0.09788104173935908
2016_1139_1276,0.48250341008391184
2016_1139_1277,0.5375013383562633
2016_1139_1292,0.20670406597407742
2016_1139_1314,0.08366845306093673
2016_1139_1320,0.18970895734611726
2016_1139_1323,0.45933889141159967
2016_1139_1328,0.12392958828039813
2016_1139_1332,0.6090383647703805
2016_1139_1333,0.7177474587788548
2016_1139_1338,0.4443350595434291
2016_1139_1344,0.31034770248591015
2016_1139_1345,0.07
2016_1139_1355,0.31482277048079976
2016_1139_1371,0.07
2016_1139_1372,0.6694682897324005
2016_1139_1380,0.7000280934392902
2016_1139_1386,0.3117888388526042
2016_1139_1392,0.93
2016_1139_1393,0.7939483792096049
2016_1139_1396,0.33667772470580937
2016_1139_1400,0.3864946263709147
2016_1139_1401,0.20325576533987488
2016_1139_1403,0.852938208216707
2016_1139_1409,0.7384484329752425
2016_1139_1421,0.93
2016_1139_1423,0.8876539715283442
2016_1139_1425,0.8894131328736096
2016_1139_1428,0.17510685674799142
2016_1139_1433,0.734898537075046
2016_1139_1435,0.6281656491435066
2016_1139_1437,0.20995602559985882
2016_1139_1438,0.8303761810596988
2016_1139_1451,0.7022417584784604
2016_1139_1452,0.14200878183140497
2016_1139_1453,0.93
2016_1139_1455,0.3079927860845091
2016_1139_1458,0.7619359583660283
2016_1139_1462,0.6112355146773404
2016_1139_1463,0.8734292637715564
2016_1143_1151,0.93
2016_1143_1153,0.7544905853111703
2016_1143_1160,0.8083990707788979
2016_1143_1163,0.3704827415861619
2016_1143_1167,0.9000013527492139
2016_1143_1173,0.3144882714269239
2016_1143_1181,0.12521730657614683
2016_1143_1192,0.93
2016_1143_1195,0.892406808648793
2016_1143_1201,0.4563819021301405
2016_1143_1211,0.09541071585442429
2016_1143_1214,0.93
2016_1143_1218,0.3672917217009789
2016_1143_1221,0.6562882426047955
2016_1143_1231,0.07
2016_1143_1233,0.6919258403645334
2016_1143_1234,0.7646610430607014
2016_1143_1235,0.24291237530048815
2016_1143_1242,0.07
2016_1143_1246,0.15462011037753698
2016_1143_1268,0.3268364639248721
2016_1143_1274,0.07
2016_1143_1276,0.34161617814238043
2016_1143_1277,0.34107300149478437
2016_1143_1292,0.3028726834357812
2016_1143_1314,0.5940416392758432
2016_1143_1320,0.6293687755093286
2016_1143_1323,0.859731322367058
2016_1143_1328,0.40282852862727014
2016_1143_1332,0.6274114382729565
2016_1143_1333,0.93
2016_1143_1338,0.4637173820417243
2016_1143_1344,0.6470998256373263
2016_1143_1345,0.45590011288796184
2016_1143_1355,0.93
2016_1143_1371,0.31949123259225365
2016_1143_1372,0.8356726139862278
2016_1143_1380,0.8536895764605299
2016_1143_1386,0.605056270412431
2016_1143_1392,0.93
2016_1143_1393,0.7581445694436602
2016_1143_1396,0.3793499412692102
2016_1143_1400,0.3849478877739958
2016_1143_1401,0.22080687641742913
2016_1143_1403,0.93
2016_1143_1409,0.5712426516149489
2016_1143_1421,0.93
2016_1143_1423,0.3086545502827003
2016_1143_1425,0.7795770703236707
2016_1143_1428,0.3458719215456245
2016_1143_1433,0.7805110569191877
2016_1143_1435,0.93
2016_1143_1437,0.22513498016764966
2016_1143_1438,0.7221881365516553
2016_1143_1451,0.8962370926198872
2016_1143_1452,0.7085870505898372
2016_1143_1453,0.93
2016_1143_1455,0.3750714464217356
2016_1143_1458,0.5663177801133704
2016_1143_1462,0.7453315416109562
2016_1143_1463,0.8671804467364287
2016_1151_1153,0.3246248573458046
2016_1151_1160,0.32568030318082597
2016_1151_1163,0.07519756204173444
2016_1151_1167,0.5585260283994824
2016_1151_1173,0.37213234956359265
2016_1151_1181,0.32389656039447134
2016_1151_1192,0.33643042343138685
2016_1151_1195,0.26429542157612607
2016_1151_1201,0.1546486254435655
2016_1151_1211,0.07
2016_1151_1214,0.496891448070124
2016_1151_1218,0.21292173473808718
2016_1151_1221,0.14662471942512856
2016_1151_1231,0.14139342629974494
2016_1151_1233,0.3443706647706918
2016_1151_1234,0.3820754972081436
2016_1151_1235,0.18720514716588454
2016_1151_1242,0.07
2016_1151_1246,0.15228832237062317
2016_1151_1268,0.34752489583555224
2016_1151_1274,0.07
2016_1151_1276,0.10145904401600347
2016_1151_1277,0.22127443328083962
2016_1151_1292,0.16133555039481862
2016_1151_1314,0.11017652237199582
2016_1151_1320,0.08426918341845402
2016_1151_1323,0.19721164750617115
2016_1151_1328,0.10968485851193466
2016_1151_1332,0.5059041091357164
2016_1151_1333,0.21402961210157745
2016_1151_1338,0.13881642014394002
2016_1151_1344,0.6324799443504762
2016_1151_1345,0.09152581482484834
2016_1151_1355,0.36012229072834245
2016_1151_1371,0.07
2016_1151_1372,0.4886957262282745
2016_1151_1380,0.2944578809499747
2016_1151_1386,0.3851771277067265
2016_1151_1392,0.26164675927139147
2016_1151_1393,0.37680942022576847
2016_1151_1396,0.07
2016_1151_1400,0.07
2016_1151_1401,0.09471956160862749
2016_1151_1403,0.13250893059197022
2016_1151_1409,0.22471872080694388
2016_1151_1421,0.3752571123466689
2016_1151_1423,0.3868609609495608
2016_1151_1425,0.37816474477001594
2016_1151_1428,0.07
2016_1151_1433,0.44250791759342845
2016_1151_1435,0.31120056286925335
2016_1151_1437,0.2381203423841316
2016_1151_1438,0.07
2016_1151_1451,0.8868524794910783
2016_1151_1452,0.28605092219099115
2016_1151_1453,0.434324711203922
2016_1151_1455,0.4308694021222892
2016_1151_1458,0.07
2016_1151_1462,0.36527164283612323
2016_1151_1463,0.2416666951496541
2016_1153_1160,0.8497775212243482
2016_1153_1163,0.6027157445496114
2016_1153_1167,0.93
2016_1153_1173,0.3980544103601339
2016_1153_1181,0.08806063041775924
2016_1153_1192,0.93
2016_1153_1195,0.93
2016_1153_1201,0.93
2016_1153_1211,0.07
2016_1153_1214,0.93
2016_1153_1218,0.21260396196988185
2016_1153_1221,0.93
2016_1153_1231,0.07
2016_1153_1233,0.8978529868925027
2016_1153_1234,0.23979314238918414
2016_1153_1235,0.12162655253498533
2016_1153_1242,0.07
2016_1153_1246,0.07
2016_1153_1268,0.31900119365265756
2016_1153_1274,0.07
2016_1153_1276,0.36559138670453173
2016_1153_1277,0.10933485025456813
2016_1153_1292,0.5702662378295877
2016_1153_1314,0.07
2016_1153_1320,0.89572087173592
2016_1153_1323,0.7643852858536824
2016_1153_1328,0.07
2016_1153_1332,0.4860487729705564
2016_1153_1333,0.7262528117056352
2016_1153_1338,0.524145627973456
2016_1153_1344,0.7369986276458076
2016_1153_1345,0.07
2016_1153_1355,0.93
2016_1153_1371,0.07
2016_1153_1372,0.8480130267565208
2016_1153_1380,0.93
2016_1153_1386,0.4308649583006968
2016_1153_1392,0.93
2016_1153_1393,0.7119392289678672
2016_1153_1396,0.319286021533728
2016_1153_1400,0.5686699365856251
2016_1153_1401,0.3053831148401618
2016_1153_1403,0.6311375307595513
2016_1153_1409,0.6397172687937784
2016_1153_1421,0.93
2016_1153_1423,0.7270095211016014
2016_1153_1425,0.17667953641049927
2016_1153_1428,0.33496463421143274
2016_1153_1433,0.28665570081949376
2016_1153_1435,0.883483720458781
2016_1153_1437,0.14626959008861196
2016_1153_1438,0.5677787381114716
2016_1153_1451,0.93
2016_1153_1452,0.749119267233063
2016_1153_1453,0.93
2016_1153_1455,0.8762020804342944
2016_1153_1458,0.621753169082889
2016_1153_1462,0.4527628023050069
2016_1153_1463,0.772270123594922
2016_1160_1163,0.40042993070346933
2016_1160_1167,0.6352185627773093
2016_1160_1173,0.4385427090230527
2016_1160_1181,0.07
2016_1160_1192,0.7586856693838128
2016_1160_1195,0.7290592893130144
2016_1160_1201,0.387351489609407
2016_1160_1211,0.07
2016_1160_1214,0.8581022030799643
2016_1160_1218,0.2146684478073747
2016_1160_1221,0.3347968115961324
2016_1160_1231,0.07
2016_1160_1233,0.4318858269868394
2016_1160_1234,0.5512453666216716
2016_1160_1235,0.11471968629972795
2016_1160_1242,0.07
2016_1160_1246,0.10204541919755683
2016_1160_1268,0.3363451813384156
2016_1160_1274,0.07
2016_1160_1276,0.22765535943476667
2016_1160_1277,0.10920160082001251
2016_1160_1292,0.08398195930812324
2016_1160_1314,0.07
2016_1160_1320,0.3908385806148006
2016_1160_1323,0.6719534055677147
2016_1160_1328,0.07
2016_1160_1332,0.562239079839865
2016_1160_1333,0.6013281863570685
2016_1160_1338,0.5472005176222181
2016_1160_1344,0.3265088615158038
2016_1160_1345,0.07
2016_1160_1355,0.2405770345303505
2016_1160_1371,0.17802887178607685
2016_1160_1372,0.8869694937902043
2016_1160_1380,0.5864058950271198
2016_1160_1386,0.48545129676610355
2016_1160_1392,0.6213796660600355
2016_1160_1393,0.5011827664938586
2016_1160_1396,0.2309522060951561
2016_1160_1400,0.30897061883019694
2016_1160_1401,0.22768081915796656
2016_1160_1403,0.7353181274961544
2016_1160_1409,0.36380792903008974
2016_1160_1421,0.9010219900347878
2016_1160_1423,0.520711984861504
2016_1160_1425,0.46656292537710575
2016_1160_1428,0.33020693267528245
2016_1160_1433,0.44531430637862046
2016_1160_1435,0.43677171070019494
2016_1160_1437,0.18074362604007466
2016_1160_1438,0.5209511545292895
2016_1160_1451,0.8089156246432542
2016_1160_1452,0.45732845156413093
2016_1160_1453,0.28123718283998356
2016_1160_1455,0.4742135129997155
2016_1160_1458,0.7627385688578026
2016_1160_1462,0.20296308188630363
2016_1160_1463,0.4861555160579496
2016_1163_1167,0.4039766459825168
2016_1163_1173,0.38869192491748306
2016_1163_1181,0.07
2016_1163_1192,0.5929609399689968
2016_1163_1195,0.2060769453895267
2016_1163_1201,0.2231501769272194
2016_1163_1211,0.07
2016_1163_1214,0.5453941594182876
2016_1163_1218,0.07901073247768997
2016_1163_1221,0.22219927557857444
2016_1163_1231,0.07
2016_1163_1233,0.13914862395743421
2016_1163_1234,0.20752023852253576
2016_1163_1235,0.07
2016_1163_1242,0.07
2016_1163_1246,0.07
2016_1163_1268,0.23927999271240263
2016_1163_1274,0.07
2016_1163_1276,0.10226108244213739
2016_1163_1277,0.07
2016_1163_1292,0.07
2016_1163_1314,0.07
2016_1163_1320,0.33872660236782604
2016_1163_1323,0.1961477290095477
2016_1163_1328,0.07
2016_1163_1332,0.27009534705844795
2016_1163_1333,0.41643643382135576
2016_1163_1338,0.43431949503264844
2016_1163_1344,0.4868097429286684
2016_1163_1345,0.07
2016_1163_1355,0.14344959155455894
2016_1163_1371,0.07
2016_1163_1372,0.21409104683942037
2016_1163_1380,0.3555976564127066
2016_1163_1386,0.16240302661638573
2016_1163_1392,0.4396276180138239
2016_1163_1393,0.5248837060610372
2016_1163_1396,0.2556462304272584
2016_1163_1400,0.2299031015134616
2016_1163_1401,0.16677122850323434
2016_1163_1403,0.5095491963555356
2016_1163_1409,0.26282355565984916
2016_1163_1421,0.9247053252130695
2016_1163_1423,0.2747473878713933
2016_1163_1425,0.09421242264523366
2016_1163_1428,0.1899209338179425
2016_1163_1433,0.21635965428943915
2016_1163_1435,0.16917573500475924
2016_1163_1437,0.20121609754900427
2016_1163_1438,0.3011206271011072
2016_1163_1451,0.6452024179523883
2016_1163_1452,0.1791374719941794
2016_1163_1453,0.07
2016_1163_1455,0.44760865969952435
2016_1163_1458,0.29359638668560517
2016_1163_1462,0.10528175826788322
2016_1163_1463,0.14627347518720646
2016_1167_1173,0.08160363484688893
2016_1167_1181,0.07
2016_1167_1192,0.5855575586545478
2016_1167_1195,0.5969555905367709
2016_1167_1201,0.07
2016_1167_1211,0.07
2016_1167_1214,0.4819551992230853
2016_1167_1218,0.1505781716393515
2016_1167_1221,0.07
2016_1167_1231,0.07
2016_1167_1233,0.28321628183983305
2016_1167_1234,0.35544355123624494
2016_1167_1235,0.07
2016_1167_1242,0.07
2016_1167_1246,0.07
2016_1167_1268,0.30010892992936666
2016_1167_1274,0.07
2016_1167_1276,0.07
2016_1167_1277,0.07
2016_1167_1292,0.07
2016_1167_1314,0.07
2016_1167_1320,0.21108394883859105
2016_1167_1323,0.39692683129185713
2016_1167_1328,0.07
2016_1167_1332,0.502761100785905
2016_1167_1333,0.21301289655298405
2016_1167_1338,0.13893551468942178
2016_1167_1344,0.19660483362699444
2016_1167_1345,0.07
2016_1167_1355,0.5281178056272544
2016_1167_1371,0.07
2016_1167_1372,0.3692202419365185
2016_1167_1380,0.07
2016_1167_1386,0.5733596985162761
2016_1167_1392,0.17530707498561549
2016_1167_1393,0.0745007589301181
2016_1167_1396,0.07
2016_1167_1400,0.07
2016_1167_1401,0.07
2016_1167_1403,0.10650205664263146
2016_1167_1409,0.07
2016_1167_1421,0.6357555721520487
2016_1167_1423,0.16348705413485698
2016_1167_1425,0.07
2016_1167_1428,0.07
2016_1167_1433,0.07
2016_1167_1435,0.07
2016_1167_1437,0.07
2016_1167_1438,0.07
2016_1167_1451,0.275995084632238
2016_1167_1452,0.10383309668828866
2016_1167_1453,0.2052554773226406
2016_1167_1455,0.07461102457321311
2016_1167_1458,0.07
2016_1167_1462,0.07
2016_1167_1463,0.07
2016_1173_1181,0.3939587727653321
2016_1173_1192,0.8532286826585899
2016_1173_1195,0.93
2016_1173_1201,0.543673789540615
2016_1173_1211,0.07
2016_1173_1214,0.8945233458154975
2016_1173_1218,0.1753544885441226
2016_1173_1221,0.5098481189799271
2016_1173_1231,0.07
2016_1173_1233,0.7550802715797839
2016_1173_1234,0.5810734741389968
2016_1173_1235,0.07
2016_1173_1242,0.07
2016_1173_1246,0.15534221149064087
2016_1173_1268,0.4318526379843276
2016_1173_1274,0.07
2016_1173_1276,0.207777779850697
2016_1173_1277,0.13586210359390294
2016_1173_1292,0.09540169368372653
2016_1173_1314,0.07
2016_1173_1320,0.711118946608019
2016_1173_1323,0.922569355128613
2016_1173_1328,0.07
2016_1173_1332,0.8308352180954955
2016_1173_1333,0.6075194232858687
2016_1173_1338,0.7364612401016759
2016_1173_1344,0.49879894179826156
2016_1173_1345,0.07
2016_1173_1355,0.93
2016_1173_1371,0.3457249605123437
2016_1173_1372,0.8233398498606519
2016_1173_1380,0.7701010910718424
2016_1173_1386,0.84611799496107
2016_1173_1392,0.6225030094035897
2016_1173_1393,0.40504891463720083
2016_1173_1396,0.45570024236330553
2016_1173_1400,0.5575695852332634
2016_1173_1401,0.3095469283472637
2016_1173_1403,0.4723895516334998
2016_1173_1409,0.41989087679397996
2016_1173_1421,0.93
2016_1173_1423,0.4645999453378068
2016_1173_1425,0.41052477514112107
2016_1173_1428,0.32155258644698215
2016_1173_1433,0.16676922006257155
2016_1173_1435,0.564149412059993
2016_1173_1437,0.3193307520086981
2016_1173_1438,0.4983636016629678
2016_1173_1451,0.5144301266747218
2016_1173_1452,0.6542882343755405
2016_1173_1453,0.8064850645706877
2016_1173_1455,0.2952452495789245
2016_1173_1458,0.5306839624904931
2016_1173_1462,0.678985655176821
2016_1173_1463,0.34750377642562336
2016_1181_1192,0.93
2016_1181_1195,0.9104794851082545
2016_1181_1201,0.5819528495173356
2016_1181_1211,0.09282458474087274
2016_1181_1214,0.8687474599632061
2016_1181_1218,0.38310266808934634
2016_1181_1221,0.574131473695822
2016_1181_1231,0.18596399930043284
2016_1181_1233,0.8631642518622354
2016_1181_1234,0.6547142384810488
2016_1181_1235,0.199216553395428
2016_1181_1242,0.07
2016_1181_1246,0.20400061890231713
2016_1181_1268,0.2877547806741051
2016_1181_1274,0.11523443560449576
2016_1181_1276,0.4278855412363445
2016_1181_1277,0.45414094111662295
2016_1181_1292,0.18946345225434447
2016_1181_1314,0.6706562933295861
2016_1181_1320,0.28917534848758053
2016_1181_1323,0.7827550511637336
2016_1181_1328,0.5752000285206808
2016_1181_1332,0.7362400516006293
2016_1181_1333,0.93
2016_1181_1338,0.41724873413035657
2016_1181_1344,0.6578269448897827
2016_1181_1345,0.39452465350856647
2016_1181_1355,0.9077432185436909
2016_1181_1371,0.5569636439108965
2016_1181_1372,0.6809211997020115
2016_1181_1380,0.8290179682524409
2016_1181_1386,0.4941758539373048
2016_1181_1392,0.8970789873769219
2016_1181_1393,0.7523178036298339
2016_1181_1396,0.41282008122588765
2016_1181_1400,0.3764479043128608
2016_1181_1401,0.3256591087630353
2016_1181_1403,0.93
2016_1181_1409,0.6950018174108326
2016_1181_1421,0.93
2016_1181_1423,0.4780938156278868
2016_1181_1425,0.7871888332746291
2016_1181_1428,0.4532128733132367
2016_1181_1433,0.7336514368395215
2016_1181_1435,0.93
2016_1181_1437,0.35227810817327476
2016_1181_1438,0.7533588280168535
2016_1181_1451,0.9139658153296598
2016_1181_1452,0.8305228555339867
2016_1181_1453,0.93
2016_1181_1455,0.4536483975639706
2016_1181_1458,0.3866172410336697
2016_1181_1462,0.8428081021331225
2016_1181_1463,0.7625904156600677
2016_1192_1195,0.07
2016_1192_1201,0.07
2016_1192_1211,0.07
2016_1192_1214,0.07
2016_1192_1218,0.07
2016_1192_1221,0.07
2016_1192_1231,0.07
2016_1192_1233,0.07
2016_1192_1234,0.07
2016_1192_1235,0.07
2016_1192_1242,0.07
2016_1192_1246,0.07
2016_1192_1268,0.07
2016_1192_1274,0.07
2016_1192_1276,0.07
2016_1192_1277,0.07
2016_1192_1292,0.07
2016_1192_1314,0.07
2016_1192_1320,0.07
2016_1192_1323,0.07
2016_1192_1328,0.07
2016_1192_1332,0.07
2016_1192_1333,0.07
2016_1192_1338,0.07
2016_1192_1344,0.07
2016_1192_1345,0.07
2016_1192_1355,0.07
2016_1192_1371,0.07
2016_1192_1372,0.07
2016_1192_1380,0.07
2016_1192_1386,0.07
2016_1192_1392,0.07
2016_1192_1393,0.07
2016_1192_1396,0.07
2016_1192_1400,0.07
2016_1192_1401,0.07
2016_1192_1403,0.07
2016_1192_1409,0.07
2016_1192_1421,0.07
2016_1192_1423,0.07
2016_1192_1425,0.07
2016_1192_1428,0.07
2016_1192_1433,0.07
2016_1192_1435,0.07
2016_1192_1437,0.07
2016_1192_1438,0.07
2016_1192_1451,0.07
2016_1192_1452,0.07
2016_1192_1453,0.07
2016_1192_1455,0.07
2016_1192_1458,0.07
2016_1192_1462,0.07
2016_1192_1463,0.07
2016_1195_1201,0.07
2016_1195_1211,0.07
2016_1195_1214,0.07
2016_1195_1218,0.07
2016_1195_1221,0.07
2016_1195_1231,0.07
2016_1195_1233,0.07
2016_1195_1234,0.07
2016_1195_1235,0.07
2016_1195_1242,0.07
2016_1195_1246,0.07
2016_1195_1268,0.07
2016_1195_1274,0.07
2016_1195_1276,0.07
2016_1195_1277,0.07
2016_1195_1292,0.07
2016_1195_1314,0.07
2016_1195_1320,0.07
2016_1195_1323,0.07
2016_1195_1328,0.07
2016_1195_1332,0.07
2016_1195_1333,0.07
2016_1195_1338,0.07
2016_1195_1344,0.07
2016_1195_1345,0.07
2016_1195_1355,0.07
2016_1195_1371,0.07
2016_1195_1372,0.07
2016_1195_1380,0.07
2016_1195_1386,0.07
2016_1195_1392,0.07
2016_1195_1393,0.07
2016_1195_1396,0.07
2016_1195_1400,0.07
2016_1195_1401,0.07
2016_1195_1403,0.07
2016_1195_1409,0.07
2016_1195_1421,0.07
2016_1195_1423,0.07
2016_1195_1425,0.07
2016_1195_1428,0.07
2016_1195_1433,0.07
2016_1195_1435,0.07
2016_1195_1437,0.07
2016_1195_1438,0.07
2016_1195_1451,0.07
2016_1195_1452,0.07
2016_1195_1453,0.07
2016_1195_1455,0.07
2016_1195_1458,0.07
2016_1195_1462,0.07
2016_1195_1463,0.07
2016_1201_1211,0.07
2016_1201_1214,0.7144936585485073
2016_1201_1218,0.2525245963896735
2016_1201_1221,0.08939440649168451
2016_1201_1231,0.07
2016_1201_1233,0.22857355091573595
2016_1201_1234,0.40376513877490405
2016_1201_1235,0.07
2016_1201_1242,0.07
2016_1201_1246,0.07
2016_1201_1268,0.39681740097992646
2016_1201_1274,0.07
2016_1201_1276,0.07
2016_1201_1277,0.07
2016_1201_1292,0.09051814896493482
2016_1201_1314,0.07
2016_1201_1320,0.4529565927821937
2016_1201_1323,0.47988972038807476
2016_1201_1328,0.07
2016_1201_1332,0.4916744110259734
2016_1201_1333,0.2550925759570114
2016_1201_1338,0.29363964146161003
2016_1201_1344,0.396112076754911
2016_1201_1345,0.07
2016_1201_1355,0.7227790264000027
2016_1201_1371,0.13626882472497892
2016_1201_1372,0.6289097157127739
2016_1201_1380,0.17436217919498842
2016_1201_1386,0.27794084871522207
2016_1201_1392,0.18311169501017455
2016_1201_1393,0.11800651560611974
2016_1201_1396,0.07897781119268876
2016_1201_1400,0.07
2016_1201_1401,0.15516355972030105
2016_1201_1403,0.07898883612749008
2016_1201_1409,0.07
2016_1201_1421,0.8477496206643333
2016_1201_1423,0.2430779557913092
2016_1201_1425,0.07
2016_1201_1428,0.0705582722278556
2016_1201_1433,0.07
2016_1201_1435,0.28922639804593264
2016_1201_1437,0.07
2016_1201_1438,0.07
2016_1201_1451,0.22846917955772672
2016_1201_1452,0.16592621065425717
2016_1201_1453,0.07
2016_1201_1455,0.09940758774871916
2016_1201_1458,0.07
2016_1201_1462,0.07
2016_1201_1463,0.07
2016_1211_1214,0.7952011641607422
2016_1211_1218,0.17954839916057286
2016_1211_1221,0.2909225660649798
2016_1211_1231,0.07
2016_1211_1233,0.4176361585283134
2016_1211_1234,0.11106236252643875
2016_1211_1235,0.07
2016_1211_1242,0.07
2016_1211_1246,0.07
2016_1211_1268,0.07
2016_1211_1274,0.07
2016_1211_1276,0.10641889804171711
2016_1211_1277,0.07
2016_1211_1292,0.2087202799615172
2016_1211_1314,0.07
2016_1211_1320,0.25460855786882886
2016_1211_1323,0.07
2016_1211_1328,0.07
2016_1211_1332,0.09012535206535233
2016_1211_1333,0.15116694954503962
2016_1211_1338,0.23962768633255593
2016_1211_1344,0.1562325008990879
2016_1211_1345,0.07
2016_1211_1355,0.5533468804906154
2016_1211_1371,0.07
2016_1211_1372,0.3277758579769866
2016_1211_1380,0.5401239626900887
2016_1211_1386,0.12938864306323206
2016_1211_1392,0.2977301081557201
2016_1211_1393,0.24266177341893702
2016_1211_1396,0.07
2016_1211_1400,0.07
2016_1211_1401,0.07
2016_1211_1403,0.0704790760304922
2016_1211_1409,0.16669153313932905
2016_1211_1421,0.7917035080937281
2016_1211_1423,0.3398434255608984
2016_1211_1425,0.15419482464347922
2016_1211_1428,0.07
2016_1211_1433,0.48670945628672546
2016_1211_1435,0.33880795894836935
2016_1211_1437,0.07
2016_1211_1438,0.2157691163208043
2016_1211_1451,0.9089404354163811
2016_1211_1452,0.07
2016_1211_1453,0.7961155539955308
2016_1211_1455,0.2522651684223781
2016_1211_1458,0.14426269804801706
2016_1211_1462,0.13471822404707945
2016_1211_1463,0.38164289851166555
2016_1214_1218,0.07
2016_1214_1221,0.07
2016_1214_1231,0.07
2016_1214_1233,0.07
2016_1214_1234,0.07
2016_1214_1235,0.07
2016_1214_1242,0.07
2016_1214_1246,0.07
2016_1214_1268,0.07
2016_1214_1274,0.07
2016_1214_1276,0.07
2016_1214_1277,0.07
2016_1214_1292,0.07
2016_1214_1314,0.07
2016_1214_1320,0.07
2016_1214_1323,0.07
2016_1214_1328,0.07
2016_1214_1332,0.07
2016_1214_1333,0.07
2016_1214_1338,0.07
2016_1214_1344,0.07
2016_1214_1345,0.07
2016_1214_1355,0.07
2016_1214_1371,0.07
2016_1214_1372,0.07453528782731511
2016_1214_1380,0.07
2016_1214_1386,0.07
2016_1214_1392,0.07
2016_1214_1393,0.07
2016_1214_1396,0.07
2016_1214_1400,0.07
2016_1214_1401,0.07
2016_1214_1403,0.07
2016_1214_1409,0.07
2016_1214_1421,0.07
2016_1214_1423,0.07
2016_1214_1425,0.07
2016_1214_1428,0.07
2016_1214_1433,0.07
2016_1214_1435,0.07
2016_1214_1437,0.07
2016_1214_1438,0.07
2016_1214_1451,0.07
2016_1214_1452,0.07
2016_1214_1453,0.07
2016_1214_1455,0.07
2016_1214_1458,0.07
2016_1214_1462,0.07
2016_1214_1463,0.07
2016_1218_1221,0.4426240773969329
2016_1218_1231,0.07
2016_1218_1233,0.07
2016_1218_1234,0.09685908694972001
2016_1218_1235,0.07
2016_1218_1242,0.07
2016_1218_1246,0.07
2016_1218_1268,0.6468993308149948
2016_1218_1274,0.07
2016_1218_1276,0.07
2016_1218_1277,0.07
2016_1218_1292,0.07
2016_1218_1314,0.07
2016_1218_1320,0.5527428388144339
2016_1218_1323,0.435872413554655
2016_1218_1328,0.07
2016_1218_1332,0.16235253228507818
2016_1218_1333,0.2086730359975728
2016_1218_1338,0.93
2016_1218_1344,0.07
2016_1218_1345,0.07
2016_1218_1355,0.07
2016_1218_1371,0.07
2016_1218_1372,0.93
2016_1218_1380,0.07
2016_1218_1386,0.08636139235176543
2016_1218_1392,0.93
2016_1218_1393,0.07
2016_1218_1396,0.07
2016_1218_1400,0.07
2016_1218_1401,0.07
2016_1218_1403,0.36645691970525707
2016_1218_1409,0.07
2016_1218_1421,0.07
2016_1218_1423,0.07
2016_1218_1425,0.07
2016_1218_1428,0.07
2016_1218_1433,0.07
2016_1218_1435,0.09717426205860835
2016_1218_1437,0.07
2016_1218_1438,0.6972839582256319
2016_1218_1451,0.07113196772714947
2016_1218_1452,0.07
2016_1218_1453,0.07
2016_1218_1455,0.17626374732305772
2016_1218_1458,0.6534620338940452
2016_1218_1462,0.07
2016_1218_1463,0.8408277168086684
2016_1221_1231,0.07
2016_1221_1233,0.07
2016_1221_1234,0.11536971619528114
2016_1221_1235,0.07
2016_1221_1242,0.07
2016_1221_1246,0.07
2016_1221_1268,0.07
2016_1221_1274,0.07
2016_1221_1276,0.07
2016_1221_1277,0.07
2016_1221_1292,0.07
2016_1221_1314,0.07
2016_1221_1320,0.12421300914783306
2016_1221_1323,0.07
2016_1221_1328,0.07
2016_1221_1332,0.07
2016_1221_1333,0.07
2016_1221_1338,0.7375357444793524
2016_1221_1344,0.07
2016_1221_1345,0.07
2016_1221_1355,0.30691212614848196
2016_1221_1371,0.07
2016_1221_1372,0.8778126751236889
2016_1221_1380,0.07
2016_1221_1386,0.09268384089311865
2016_1221_1392,0.07
2016_1221_1393,0.07
2016_1221_1396,0.07
2016_1221_1400,0.07
2016_1221_1401,0.07
2016_1221_1403,0.08693573038491276
2016_1221_1409,0.07
2016_1221_1421,0.07
2016_1221_1423,0.09802810029380848
2016_1221_1425,0.07
2016_1221_1428,0.07
2016_1221_1433,0.07
2016_1221_1435,0.07
2016_1221_1437,0.07
2016_1221_1438,0.07
2016_1221_1451,0.2389025949074871
2016_1221_1452,0.07
2016_1221_1453,0.07
2016_1221_1455,0.07
2016_1221_1458,0.07
2016_1221_1462,0.07
2016_1221_1463,0.07
2016_1231_1233,0.8675509492899496
2016_1231_1234,0.37533028887496733
2016_1231_1235,0.27481173912183876
2016_1231_1242,0.07
2016_1231_1246,0.12063090179362101
2016_1231_1268,0.40260354296989975
2016_1231_1274,0.07
2016_1231_1276,0.3991618694239618
2016_1231_1277,0.2632273984174245
2016_1231_1292,0.3953261172220204
2016_1231_1314,0.07
2016_1231_1320,0.27788822369444377
2016_1231_1323,0.375973377100965
2016_1231_1328,0.8238989696875197
2016_1231_1332,0.6442985850744393
2016_1231_1333,0.5026003027221597
2016_1231_1338,0.5368662297683278
2016_1231_1344,0.20087187053740763
2016_1231_1345,0.4280607797664283
2016_1231_1355,0.93
2016_1231_1371,0.756346258827484
2016_1231_1372,0.7003833699770426
2016_1231_1380,0.7390050402331398
2016_1231_1386,0.5807877464041831
2016_1231_1392,0.9057373709397378
2016_1231_1393,0.12053308835654264
2016_1231_1396,0.29772954454502853
2016_1231_1400,0.45652060769660885
2016_1231_1401,0.20516765948208127
2016_1231_1403,0.5964560509551814
2016_1231_1409,0.7543508708667784
2016_1231_1421,0.93
2016_1231_1423,0.7763660741706042
2016_1231_1425,0.6891657067639303
2016_1231_1428,0.14541957779099646
2016_1231_1433,0.6043276865271314
2016_1231_1435,0.7548927168178295
2016_1231_1437,0.15946329266326487
2016_1231_1438,0.46948093245715816
2016_1231_1451,0.9294157161777793
2016_1231_1452,0.12168438676009585
2016_1231_1453,0.7510372405722752
2016_1231_1455,0.25322059195469204
2016_1231_1458,0.2348844432508893
2016_1231_1462,0.2862506866928499
2016_1231_1463,0.6914870054204875
2016_1233_1234,0.07
2016_1233_1235,0.07
2016_1233_1242,0.07
2016_1233_1246,0.07
2016_1233_1268,0.41390001924265263
2016_1233_1274,0.07
2016_1233_1276,0.07
2016_1233_1277,0.07
2016_1233_1292,0.10152590275498008
2016_1233_1314,0.07
2016_1233_1320,0.6722048996461609
2016_1233_1323,0.41956166147751717
2016_1233_1328,0.07
2016_1233_1332,0.09553038816076953
2016_1233_1333,0.5548167273096166
2016_1233_1338,0.9246560389902521
2016_1233_1344,0.07
2016_1233_1345,0.07
2016_1233_1355,0.07
2016_1233_1371,0.07
2016_1233_1372,0.93
2016_1233_1380,0.16206786948791096
2016_1233_1386,0.11403441471686027
2016_1233_1392,0.6991521223881763
2016_1233_1393,0.07
2016_1233_1396,0.07
2016_1233_1400,0.07
2016_1233_1401,0.07
2016_1233_1403,0.16024580182564074
2016_1233_1409,0.07
2016_1233_1421,0.07
2016_1233_1423,0.07
2016_1233_1425,0.07
2016_1233_1428,0.07
2016_1233_1433,0.07
2016_1233_1435,0.3942772270939561
2016_1233_1437,0.07
2016_1233_1438,0.39723418415404554
2016_1233_1451,0.5453455797910918
2016_1233_1452,0.2179323489466264
2016_1233_1453,0.07
2016_1233_1455,0.37605067235959233
2016_1233_1458,0.9262704757569192
2016_1233_1462,0.07
2016_1233_1463,0.7595769175258701
2016_1234_1235,0.07
2016_1234_1242,0.07
2016_1234_1246,0.07
2016_1234_1268,0.6949473461800106
2016_1234_1274,0.07428074651266248
2016_1234_1276,0.13465034422149247
2016_1234_1277,0.07
2016_1234_1292,0.11034401421183915
2016_1234_1314,0.07
2016_1234_1320,0.92932757458776
2016_1234_1323,0.44066530234802725
2016_1234_1328,0.07
2016_1234_1332,0.18754779372143326
2016_1234_1333,0.7453663053822257
2016_1234_1338,0.93
2016_1234_1344,0.4813393576048435
2016_1234_1345,0.07
2016_1234_1355,0.8877865137858906
2016_1234_1371,0.09771302665480908
2016_1234_1372,0.93
2016_1234_1380,0.4762763379656777
2016_1234_1386,0.10932223736514057
2016_1234_1392,0.93
2016_1234_1393,0.14389301155703593
2016_1234_1396,0.1598047234781278
2016_1234_1400,0.2012607069425668
2016_1234_1401,0.07
2016_1234_1403,0.6386747446248513
2016_1234_1409,0.15381445002991723
2016_1234_1421,0.07
2016_1234_1423,0.18034280493261656
2016_1234_1425,0.08344912218090839
2016_1234_1428,0.6682075353058214
2016_1234_1433,0.10701683379543314
2016_1234_1435,0.23963437920378405
2016_1234_1437,0.07
2016_1234_1438,0.93
2016_1234_1451,0.8950116584811247
2016_1234_1452,0.2435713763297549
2016_1234_1453,0.07
2016_1234_1455,0.7715643464307045
2016_1234_1458,0.93
2016_1234_1462,0.07
2016_1234_1463,0.93
2016_1235_1242,0.07
2016_1235_1246,0.07
2016_1235_1268,0.8854416950735001
2016_1235_1274,0.07
2016_1235_1276,0.5353166614923872
2016_1235_1277,0.07
2016_1235_1292,0.2239234687491023
2016_1235_1314,0.07
2016_1235_1320,0.867235860608154
2016_1235_1323,0.7861524521461807
2016_1235_1328,0.07
2016_1235_1332,0.07
2016_1235_1333,0.93
2016_1235_1338,0.93
2016_1235_1344,0.2832405993879117
2016_1235_1345,0.6153701437805721
2016_1235_1355,0.8929382063118894
2016_1235_1371,0.4384131040367044
2016_1235_1372,0.93
2016_1235_1380,0.7088936900765452
2016_1235_1386,0.22856762000491837
2016_1235_1392,0.93
2016_1235_1393,0.09298382325508525
2016_1235_1396,0.23358293690633103
2016_1235_1400,0.43150544157975157
2016_1235_1401,0.07
2016_1235_1403,0.93
2016_1235_1409,0.14645692714058467
2016_1235_1421,0.27081640382246697
2016_1235_1423,0.28117974377102695
2016_1235_1425,0.22645544253223648
2016_1235_1428,0.5008210207601065
2016_1235_1433,0.23603856308159876
2016_1235_1435,0.93
2016_1235_1437,0.07
2016_1235_1438,0.7747609965910669
2016_1235_1451,0.9299991959869554
2016_1235_1452,0.40618639244703403
2016_1235_1453,0.07
2016_1235_1455,0.6357512732960944
2016_1235_1458,0.93
2016_1235_1462,0.216997487471855
2016_1235_1463,0.89313338376709
2016_1242_1246,0.27923567302042973
2016_1242_1268,0.7303696514029261
2016_1242_1274,0.5872728943354611
2016_1242_1276,0.8163174808270438
2016_1242_1277,0.5497112069399888
2016_1242_1292,0.93
2016_1242_1314,0.45465372607932997
2016_1242_1320,0.93
2016_1242_1323,0.9162576632419464
2016_1242_1328,0.9171765586217175
2016_1242_1332,0.7901855598970569
2016_1242_1333,0.8097033874956313
2016_1242_1338,0.93
2016_1242_1344,0.9009998531348159
2016_1242_1345,0.6078918622054963
2016_1242_1355,0.93
2016_1242_1371,0.8662541354864792
2016_1242_1372,0.9262398467706991
2016_1242_1380,0.93
2016_1242_1386,0.8506961567293957
2016_1242_1392,0.93
2016_1242_1393,0.8927558044273095
2016_1242_1396,0.93
2016_1242_1400,0.555878628659661
2016_1242_1401,0.2645289631238533
2016_1242_1403,0.93
2016_1242_1409,0.93
2016_1242_1421,0.93
2016_1242_1423,0.9064657435034853
2016_1242_1425,0.93
2016_1242_1428,0.1635565013034599
2016_1242_1433,0.93
2016_1242_1435,0.93
2016_1242_1437,0.4586158174450483
2016_1242_1438,0.8439232630662526
2016_1242_1451,0.93
2016_1242_1452,0.5281452912841782
2016_1242_1453,0.93
2016_1242_1455,0.7539717631580162
2016_1242_1458,0.819587105697617
2016_1242_1462,0.7310844876196264
2016_1242_1463,0.8982572241803283
2016_1246_1268,0.7964709945732975
2016_1246_1274,0.07
2016_1246_1276,0.34467314650003067
2016_1246_1277,0.14370389992881183
2016_1246_1292,0.42745198117311123
2016_1246_1314,0.07
2016_1246_1320,0.93
2016_1246_1323,0.7824876446495531
2016_1246_1328,0.07
2016_1246_1332,0.21924758313794945
2016_1246_1333,0.7585705169173443
2016_1246_1338,0.93
2016_1246_1344,0.4986920910266087
2016_1246_1345,0.39158869296934995
2016_1246_1355,0.93
2016_1246_1371,0.08017212735901946
2016_1246_1372,0.93
2016_1246_1380,0.8628348636987611
2016_1246_1386,0.08216641648775236
2016_1246_1392,0.93
2016_1246_1393,0.24302436869171817
2016_1246_1396,0.39036360440597384
2016_1246_1400,0.4327135081180138
2016_1246_1401,0.07
2016_1246_1403,0.71615928331948
2016_1246_1409,0.3684132933537523
2016_1246_1421,0.07
2016_1246_1423,0.15567959851089297
2016_1246_1425,0.487304061552149
2016_1246_1428,0.7076636904860236
2016_1246_1433,0.16919416636735907
2016_1246_1435,0.7897485614342822
2016_1246_1437,0.07
2016_1246_1438,0.93
2016_1246_1451,0.8633395282208816
2016_1246_1452,0.5213397431452163
2016_1246_1453,0.07
2016_1246_1455,0.8779074677643252
2016_1246_1458,0.93
2016_1246_1462,0.13695146508909783
2016_1246_1463,0.93
2016_1268_1274,0.07282567475263846
2016_1268_1276,0.38574717754419297
2016_1268_1277,0.0921559272937239
2016_1268_1292,0.32497548696740675
2016_1268_1314,0.07
2016_1268_1320,0.352593411683795
2016_1268_1323,0.7887473519048069
2016_1268_1328,0.07422023331184857
2016_1268_1332,0.5175456162802575
2016_1268_1333,0.7554193074178506
2016_1268_1338,0.7217322816796884
2016_1268_1344,0.5724844546322188
2016_1268_1345,0.591380523085748
2016_1268_1355,0.7156250812641245
2016_1268_1371,0.4192726452148011
2016_1268_1372,0.7415171648375145
2016_1268_1380,0.7119670608935373
2016_1268_1386,0.22869757316106043
2016_1268_1392,0.8272503861358116
2016_1268_1393,0.4492534384392012
2016_1268_1396,0.36873914674799113
2016_1268_1400,0.4126388822863998
2016_1268_1401,0.2482561819598369
2016_1268_1403,0.8296196539777533
2016_1268_1409,0.6233070026875716
2016_1268_1421,0.7751969382369803
2016_1268_1423,0.6527553360690106
2016_1268_1425,0.7457642008698668
2016_1268_1428,0.3329074128900711
2016_1268_1433,0.8519288026877843
2016_1268_1435,0.7178959386542361
2016_1268_1437,0.18005041743344619
2016_1268_1438,0.7847463051070402
2016_1268_1451,0.8131734108379034
2016_1268_1452,0.30529283712738486
2016_1268_1453,0.4935904020472027
2016_1268_1455,0.13449296241498765
2016_1268_1458,0.32551832902135447
2016_1268_1462,0.4561353082196008
2016_1268_1463,0.4047875064684122
2016_1274_1276,0.5581027731893426
2016_1274_1277,0.29750699743959563
2016_1274_1292,0.93
2016_1274_1314,0.7982277279475705
2016_1274_1320,0.33033908202779283
2016_1274_1323,0.7019085646613169
2016_1274_1328,0.6868961343118103
2016_1274_1332,0.6457354322876256
2016_1274_1333,0.7317206941813778
2016_1274_1338,0.8312856141220488
2016_1274_1344,0.7272023707017734
2016_1274_1345,0.8264439103628334
2016_1274_1355,0.93
2016_1274_1371,0.8090083585848389
2016_1274_1372,0.8907585292089509
2016_1274_1380,0.783305468199746
2016_1274_1386,0.5607784021678975
2016_1274_1392,0.93
2016_1274_1393,0.7509703381065411
2016_1274_1396,0.8448515027172319
2016_1274_1400,0.6233460118400069
2016_1274_1401,0.28281024863724924
2016_1274_1403,0.93
2016_1274_1409,0.8399551958204182
2016_1274_1421,0.93
2016_1274_1423,0.8837785319553871
2016_1274_1425,0.8880888476442229
2016_1274_1428,0.6204759538472293
2016_1274_1433,0.93
2016_1274_1435,0.7440265983787432
2016_1274_1437,0.23564122021631073
2016_1274_1438,0.8901380609498563
2016_1274_1451,0.93
2016_1274_1452,0.3574478431881736
2016_1274_1453,0.808423728084565
2016_1274_1455,0.2979657239287169
2016_1274_1458,0.2370209129520794
2016_1274_1462,0.4169934749445454
2016_1274_1463,0.6490764053298821
2016_1276_1277,0.07
2016_1276_1292,0.3413254603587399
2016_1276_1314,0.07
2016_1276_1320,0.36601334606690683
2016_1276_1323,0.5257080853698493
2016_1276_1328,0.07
2016_1276_1332,0.36233143306584437
2016_1276_1333,0.7416809392952466
2016_1276_1338,0.6276199035422596
2016_1276_1344,0.45794577530299385
2016_1276_1345,0.11444967746776102
2016_1276_1355,0.2620968562736794
2016_1276_1371,0.23564064225761117
2016_1276_1372,0.8070957667828644
2016_1276_1380,0.7389449675178004
2016_1276_1386,0.47355088967460157
2016_1276_1392,0.4840437762950963
2016_1276_1393,0.6110971993543981
2016_1276_1396,0.19557863610496506
2016_1276_1400,0.35126771267117596
2016_1276_1401,0.35593060339312876
2016_1276_1403,0.6658499417651897
2016_1276_1409,0.5284707233147913
2016_1276_1421,0.654084762941457
2016_1276_1423,0.5920173098017691
2016_1276_1425,0.5751783068981533
2016_1276_1428,0.7159439695547425
2016_1276_1433,0.8654712958556601
2016_1276_1435,0.6888737770656526
2016_1276_1437,0.5085894224404689
2016_1276_1438,0.829020519297154
2016_1276_1451,0.93
2016_1276_1452,0.5683839697928277
2016_1276_1453,0.6217599863255996
2016_1276_1455,0.7046319606284398
2016_1276_1458,0.8678362251134066
2016_1276_1462,0.6003109238577711
2016_1276_1463,0.8764213907459184
2016_1277_1292,0.93
2016_1277_1314,0.07
2016_1277_1320,0.93
2016_1277_1323,0.93
2016_1277_1328,0.07362635122500139
2016_1277_1332,0.4757138755670286
2016_1277_1333,0.8997775384477176
2016_1277_1338,0.93
2016_1277_1344,0.7880354904306395
2016_1277_1345,0.740851271677187
2016_1277_1355,0.93
2016_1277_1371,0.594284082497717
2016_1277_1372,0.93
2016_1277_1380,0.93
2016_1277_1386,0.47072572021990045
2016_1277_1392,0.93
2016_1277_1393,0.327795910126904
2016_1277_1396,0.8379927173495086
2016_1277_1400,0.8560292425558589
2016_1277_1401,0.15971242749523384
2016_1277_1403,0.9092636853789277
2016_1277_1409,0.6207140768991046
2016_1277_1421,0.21971502434619783
2016_1277_1423,0.48685780710292226
2016_1277_1425,0.7686327993615093
2016_1277_1428,0.9011049757792551
2016_1277_1433,0.8088369558416472
2016_1277_1435,0.93
2016_1277_1437,0.07
2016_1277_1438,0.93
2016_1277_1451,0.93
2016_1277_1452,0.7472532443240506
2016_1277_1453,0.07
2016_1277_1455,0.93
2016_1277_1458,0.93
2016_1277_1462,0.3315098865877921
2016_1277_1463,0.93
2016_1292_1314,0.07
2016_1292_1320,0.1155991473885728
2016_1292_1323,0.2188831521108744
2016_1292_1328,0.07
2016_1292_1332,0.2852000013000312
2016_1292_1333,0.10821796148963869
2016_1292_1338,0.07449303997566714
2016_1292_1344,0.14952504046631276
2016_1292_1345,0.07
2016_1292_1355,0.40154575387756086
2016_1292_1371,0.24948822169947593
2016_1292_1372,0.29133540382922407
2016_1292_1380,0.14399731777803604
2016_1292_1386,0.3612413281936371
2016_1292_1392,0.14326273635042608
2016_1292_1393,0.09444035315043087
2016_1292_1396,0.08186666063411119
2016_1292_1400,0.07
2016_1292_1401,0.08215342879771315
2016_1292_1403,0.1127089744421863
2016_1292_1409,0.09752417344979314
2016_1292_1421,0.6155009887730354
2016_1292_1423,0.3810175941226276
2016_1292_1425,0.07
2016_1292_1428,0.07
2016_1292_1433,0.07
2016_1292_1435,0.09312431341841354
2016_1292_1437,0.07
2016_1292_1438,0.07
2016_1292_1451,0.5688290592486025
2016_1292_1452,0.08642321213055937
2016_1292_1453,0.07
2016_1292_1455,0.11257217107648165
2016_1292_1458,0.07
2016_1292_1462,0.07
2016_1292_1463,0.07
2016_1314_1320,0.8640184759922442
2016_1314_1323,0.93
2016_1314_1328,0.9241702822763488
2016_1314_1332,0.8273184172991769
2016_1314_1333,0.7738139328137719
2016_1314_1338,0.93
2016_1314_1344,0.4398825960121221
2016_1314_1345,0.8294180113451886
2016_1314_1355,0.93
2016_1314_1371,0.93
2016_1314_1372,0.93
2016_1314_1380,0.93
2016_1314_1386,0.93
2016_1314_1392,0.93
2016_1314_1393,0.7685171836303244
2016_1314_1396,0.6371606609531695
2016_1314_1400,0.8221537288876692
2016_1314_1401,0.38760366559983495
2016_1314_1403,0.93
2016_1314_1409,0.8625812226193657
2016_1314_1421,0.93
2016_1314_1423,0.8636776671180507
2016_1314_1425,0.918575903133371
2016_1314_1428,0.36169218724617347
2016_1314_1433,0.93
2016_1314_1435,0.8792556137746688
2016_1314_1437,0.3057880036393651
2016_1314_1438,0.93
2016_1314_1451,0.93
2016_1314_1452,0.6404856660235043
2016_1314_1453,0.8694253083251189
2016_1314_1455,0.8993619303514494
2016_1314_1458,0.7345720125413846
2016_1314_1462,0.818565641986967
2016_1314_1463,0.93
2016_1320_1323,0.10982317774663553
2016_1320_1328,0.07
2016_1320_1332,0.07
2016_1320_1333,0.27277457528438487
2016_1320_1338,0.563626906268561
2016_1320_1344,0.07
2016_1320_1345,0.07
2016_1320_1355,0.2555457111982723
2016_1320_1371,0.07
2016_1320_1372,0.7425600747487185
2016_1320_1380,0.35377894798577003
2016_1320_1386,0.07
2016_1320_1392,0.07
2016_1320_1393,0.1156723545213939
2016_1320_1396,0.10720575157861223
2016_1320_1400,0.37369789823004707
2016_1320_1401,0.07
2016_1320_1403,0.4104205431289306
2016_1320_1409,0.1834066426154649
2016_1320_1421,0.4431965806881982
2016_1320_1423,0.339588299269891
2016_1320_1425,0.2482216349489822
2016_1320_1428,0.20092637711500616
2016_1320_1433,0.36367305091827895
2016_1320_1435,0.13886244269056547
2016_1320_1437,0.07
2016_1320_1438,0.3320192995390109
2016_1320_1451,0.5479588583313137
2016_1320_1452,0.07
2016_1320_1453,0.07
2016_1320_1455,0.12759917384058972
2016_1320_1458,0.2781496505613087
2016_1320_1462,0.07
2016_1320_1463,0.41980297643349285
2016_1323_1328,0.07
2016_1323_1332,0.1613265293999021
2016_1323_1333,0.24560564088684345
2016_1323_1338,0.18568375709543739
2016_1323_1344,0.07
2016_1323_1345,0.6557478156966289
2016_1323_1355,0.35425954339321053
2016_1323_1371,0.22742618316806285
2016_1323_1372,0.7489066656093163
2016_1323_1380,0.21467959466210407
2016_1323_1386,0.07
2016_1323_1392,0.5909660730213019
2016_1323_1393,0.09554373653908843
2016_1323_1396,0.07
2016_1323_1400,0.16583126112897295
2016_1323_1401,0.10464804663408966
2016_1323_1403,0.5679658045351739
2016_1323_1409,0.162104584166895
2016_1323_1421,0.1219438237403504
2016_1323_1423,0.5320313369187676
2016_1323_1425,0.3405484658216865
2016_1323_1428,0.2348584401188094
2016_1323_1433,0.7538612651400312
2016_1323_1435,0.20606442069918296
2016_1323_1437,0.07
2016_1323_1438,0.629841575230252
2016_1323_1451,0.9158632279935695
2016_1323_1452,0.12246999329352648
2016_1323_1453,0.07
2016_1323_1455,0.07961317405159407
2016_1323_1458,0.07
2016_1323_1462,0.07
2016_1323_1463,0.2660827991718845
2016_1328_1332,0.07
2016_1328_1333,0.7907766801362037
2016_1328_1338,0.93
2016_1328_1344,0.1983834091717922
2016_1328_1345,0.5992765099680712
2016_1328_1355,0.5683310822929013
2016_1328_1371,0.1722865914160151
2016_1328_1372,0.93
2016_1328_1380,0.7774293713269904
2016_1328_1386,0.07
2016_1328_1392,0.8448232726272991
2016_1328_1393,0.07
2016_1328_1396,0.5056407873158391
2016_1328_1400,0.7446107210975708
2016_1328_1401,0.07
2016_1328_1403,0.7645069023024063
2016_1328_1409,0.13626058184538392
2016_1328_1421,0.07
2016_1328_1423,0.07
2016_1328_1425,0.07
2016_1328_1428,0.908211310624147
2016_1328_1433,0.12190568148438785
2016_1328_1435,0.18749750791659137
2016_1328_1437,0.07
2016_1328_1438,0.5624905256476684
2016_1328_1451,0.6104971072498973
2016_1328_1452,0.22182373111330156
2016_1328_1453,0.07
2016_1328_1455,0.5642244948720148
2016_1328_1458,0.927961928975909
2016_1328_1462,0.07
2016_1328_1463,0.5595836241325178
2016_1332_1333,0.93
2016_1332_1338,0.93
2016_1332_1344,0.8807836990878182
2016_1332_1345,0.9249870160750143
2016_1332_1355,0.93
2016_1332_1371,0.31080125463800845
2016_1332_1372,0.93
2016_1332_1380,0.93
2016_1332_1386,0.23929278153869382
2016_1332_1392,0.93
2016_1332_1393,0.286961562724954
2016_1332_1396,0.923605520673626
2016_1332_1400,0.884687754245805
2016_1332_1401,0.15080697102916407
2016_1332_1403,0.93
2016_1332_1409,0.7096273912322384
2016_1332_1421,0.07
2016_1332_1423,0.7210821935351597
2016_1332_1425,0.8529550828924846
2016_1332_1428,0.93
2016_1332_1433,0.93
2016_1332_1435,0.8533702240609643
2016_1332_1437,0.07
2016_1332_1438,0.93
2016_1332_1451,0.93
2016_1332_1452,0.93
2016_1332_1453,0.07
2016_1332_1455,0.93
2016_1332_1458,0.93
2016_1332_1462,0.5713850995729772
2016_1332_1463,0.93
2016_1333_1338,0.8206106864994445
2016_1333_1344,0.6942801645058351
2016_1333_1345,0.3240243928305018
2016_1333_1355,0.9176839747604275
2016_1333_1371,0.734281069154699
2016_1333_1372,0.93
2016_1333_1380,0.8727930925818856
2016_1333_1386,0.5086518447246173
2016_1333_1392,0.9176263082719136
2016_1333_1393,0.5939573865005039
2016_1333_1396,0.6630812592881101
2016_1333_1400,0.815403876208882
2016_1333_1401,0.680970088117355
2016_1333_1403,0.93
2016_1333_1409,0.8097920498223916
2016_1333_1421,0.8196001627856973
2016_1333_1423,0.8368233318054088
2016_1333_1425,0.6490683833687843
2016_1333_1428,0.8428563650291316
2016_1333_1433,0.8874379477134358
2016_1333_1435,0.41479786478406333
2016_1333_1437,0.42237538279136766
2016_1333_1438,0.8252377609602051
2016_1333_1451,0.93
2016_1333_1452,0.7237837318710157
2016_1333_1453,0.17662448326080882
2016_1333_1455,0.5329857896047054
2016_1333_1458,0.77738584682039
2016_1333_1462,0.46594192948819757
2016_1333_1463,0.6771028455183211
2016_1338_1344,0.07
2016_1338_1345,0.07
2016_1338_1355,0.07
2016_1338_1371,0.07
2016_1338_1372,0.5390106988599022
2016_1338_1380,0.07
2016_1338_1386,0.07
2016_1338_1392,0.07
2016_1338_1393,0.07
2016_1338_1396,0.07
2016_1338_1400,0.07
2016_1338_1401,0.07
2016_1338_1403,0.07
2016_1338_1409,0.07
2016_1338_1421,0.13541895339818877
2016_1338_1423,0.5251527319440175
2016_1338_1425,0.07
2016_1338_1428,0.07
2016_1338_1433,0.31084093492071907
2016_1338_1435,0.07
2016_1338_1437,0.07
2016_1338_1438,0.07150180766921133
2016_1338_1451,0.4150732345550002
2016_1338_1452,0.07
2016_1338_1453,0.07
2016_1338_1455,0.07
2016_1338_1458,0.07
2016_1338_1462,0.07
2016_1338_1463,0.24345873591186395
2016_1344_1345,0.09576709072727108
2016_1344_1355,0.636002568456425
2016_1344_1371,0.11294521613396857
2016_1344_1372,0.7368543555962751
2016_1344_1380,0.8742207089065034
2016_1344_1386,0.1709172650213131
2016_1344_1392,0.7375113917349166
2016_1344_1393,0.464723671691599
2016_1344_1396,0.37206105399935474
2016_1344_1400,0.7514884400517514
2016_1344_1401,0.2575741573383934
2016_1344_1403,0.93
2016_1344_1409,0.6994745547985856
2016_1344_1421,0.93
2016_1344_1423,0.5608704964062963
2016_1344_1425,0.43053091724947945
2016_1344_1428,0.5924767245807749
2016_1344_1433,0.43158400444883604
2016_1344_1435,0.5977299200885824
2016_1344_1437,0.12413816483609774
2016_1344_1438,0.281882723660947
2016_1344_1451,0.93
2016_1344_1452,0.5339714091623478
2016_1344_1453,0.49293201040569157
2016_1344_1455,0.705175839639022
2016_1344_1458,0.7926874682135802
2016_1344_1462,0.30907177606457037
2016_1344_1463,0.7385451603323603
2016_1345_1355,0.93
2016_1345_1371,0.8061327506171054
2016_1345_1372,0.9132226841892168
2016_1345_1380,0.93
2016_1345_1386,0.48602535041997663
2016_1345_1392,0.93
2016_1345_1393,0.7265156575327685
2016_1345_1396,0.8490176472136426
2016_1345_1400,0.5921626315489843
2016_1345_1401,0.5110929987285371
2016_1345_1403,0.93
2016_1345_1409,0.9182887416651287
2016_1345_1421,0.9185971414900963
2016_1345_1423,0.93
2016_1345_1425,0.93
2016_1345_1428,0.5018686608069061
2016_1345_1433,0.93
2016_1345_1435,0.6680270640641917
2016_1345_1437,0.3491724183654933
2016_1345_1438,0.6702204889328418
2016_1345_1451,0.93
2016_1345_1452,0.23293075161094834
2016_1345_1453,0.7374859862909483
2016_1345_1455,0.645246494469675
2016_1345_1458,0.7356588189515945
2016_1345_1462,0.6545456876780738
2016_1345_1463,0.8098593551792731
2016_1355_1371,0.07
2016_1355_1372,0.93
2016_1355_1380,0.32741258850526966
2016_1355_1386,0.15391469933067603
2016_1355_1392,0.5507876746363038
2016_1355_1393,0.07
2016_1355_1396,0.07
2016_1355_1400,0.19658668335404073
2016_1355_1401,0.07
2016_1355_1403,0.217923887348753
2016_1355_1409,0.07
2016_1355_1421,0.07
2016_1355_1423,0.07
2016_1355_1425,0.07
2016_1355_1428,0.6461005032600544
2016_1355_1433,0.07
2016_1355_1435,0.43965845452448105
2016_1355_1437,0.07
2016_1355_1438,0.16161628713141218
2016_1355_1451,0.8269472953151759
2016_1355_1452,0.8148612403187698
2016_1355_1453,0.07
2016_1355_1455,0.828531376600828
2016_1355_1458,0.93
2016_1355_1462,0.22310584566843994
2016_1355_1463,0.93
2016_1371_1372,0.93
2016_1371_1380,0.6204927251687218
2016_1371_1386,0.4673726626503554
2016_1371_1392,0.93
2016_1371_1393,0.07
2016_1371_1396,0.48379139586867315
2016_1371_1400,0.39495385157344975
2016_1371_1401,0.07
2016_1371_1403,0.5307038545568361
2016_1371_1409,0.4992924717084344
2016_1371_1421,0.22141952803069453
2016_1371_1423,0.18190592298516262
2016_1371_1425,0.3401221954630854
2016_1371_1428,0.5200307702536604
2016_1371_1433,0.07
2016_1371_1435,0.6222969233551575
2016_1371_1437,0.07
2016_1371_1438,0.9006520828500938
2016_1371_1451,0.7390930674624454
2016_1371_1452,0.08101190056955976
2016_1371_1453,0.07
2016_1371_1455,0.3963115657233257
2016_1371_1458,0.93
2016_1371_1462,0.10003355028429262
2016_1371_1463,0.7973859338095364
2016_1372_1380,0.07
2016_1372_1386,0.3377155872615544
2016_1372_1392,0.3500114817299742
2016_1372_1393,0.07
2016_1372_1396,0.07
2016_1372_1400,0.07
2016_1372_1401,0.07
2016_1372_1403,0.07840350915888916
2016_1372_1409,0.07
2016_1372_1421,0.2073127873095394
2016_1372_1423,0.5215609035362571
2016_1372_1425,0.07
2016_1372_1428,0.07
2016_1372_1433,0.07
2016_1372_1435,0.07
2016_1372_1437,0.07
2016_1372_1438,0.07
2016_1372_1451,0.5254055341869734
2016_1372_1452,0.07
2016_1372_1453,0.07
2016_1372_1455,0.07
2016_1372_1458,0.07
2016_1372_1462,0.07
2016_1372_1463,0.07
2016_1380_1386,0.41610378119864244
2016_1380_1392,0.07
2016_1380_1393,0.07
2016_1380_1396,0.07
2016_1380_1400,0.07
2016_1380_1401,0.07
2016_1380_1403,0.07
2016_1380_1409,0.07
2016_1380_1421,0.2997200198648081
2016_1380_1423,0.07
2016_1380_1425,0.07
2016_1380_1428,0.07
2016_1380_1433,0.07
2016_1380_1435,0.07
2016_1380_1437,0.07
2016_1380_1438,0.07
2016_1380_1451,0.16098697184156008
2016_1380_1452,0.07
2016_1380_1453,0.07
2016_1380_1455,0.07
2016_1380_1458,0.07
2016_1380_1462,0.07
2016_1380_1463,0.07
2016_1386_1392,0.93
2016_1386_1393,0.09574457281201887
2016_1386_1396,0.08666697207718532
2016_1386_1400,0.4957256790423604
2016_1386_1401,0.07
2016_1386_1403,0.5808844252211387
2016_1386_1409,0.13993141721231273
2016_1386_1421,0.07
2016_1386_1423,0.34858667527331977
2016_1386_1425,0.11093778737469773
2016_1386_1428,0.834726217453436
2016_1386_1433,0.07
2016_1386_1435,0.467945265904935
2016_1386_1437,0.07
2016_1386_1438,0.93
2016_1386_1451,0.8114278056599691
2016_1386_1452,0.7865094047616463
2016_1386_1453,0.07
2016_1386_1455,0.869622703353237
2016_1386_1458,0.93
2016_1386_1462,0.386203668472752
2016_1386_1463,0.93
2016_1392_1393,0.12756488576791525
2016_1392_1396,0.07
2016_1392_1400,0.07
2016_1392_1401,0.3405237098721977
2016_1392_1403,0.07
2016_1392_1409,0.07
2016_1392_1421,0.6021900362742597
2016_1392_1423,0.2856908230844696
2016_1392_1425,0.1550460266217213
2016_1392_1428,0.07
2016_1392_1433,0.0703045080575021
2016_1392_1435,0.10145927359760987
2016_1392_1437,0.16121163834140595
2016_1392_1438,0.0754016897189167
2016_1392_1451,0.4011811971832212
2016_1392_1452,0.33233594605550754
2016_1392_1453,0.11762175339891401
2016_1392_1455,0.13919345569897446
2016_1392_1458,0.08690157595114334
2016_1392_1462,0.2684550544452031
2016_1392_1463,0.2534019522725798
2016_1393_1396,0.07
2016_1393_1400,0.24119631200120706
2016_1393_1401,0.49669596808578176
2016_1393_1403,0.4683351740530368
2016_1393_1409,0.7264735411830212
2016_1393_1421,0.93
2016_1393_1423,0.8908847186261554
2016_1393_1425,0.794338347795586
2016_1393_1428,0.5362639322893132
2016_1393_1433,0.7988364857270797
2016_1393_1435,0.6916556244066404
2016_1393_1437,0.4628988264166821
2016_1393_1438,0.8044096755857705
2016_1393_1451,0.93
2016_1393_1452,0.7836721510512807
2016_1393_1453,0.33958121134980457
2016_1393_1455,0.37904744509389965
2016_1393_1458,0.9094449250713325
2016_1393_1462,0.5318195983955628
2016_1393_1463,0.6681776071639165
2016_1396_1400,0.1546268771138819
2016_1396_1401,0.5623836224932544
2016_1396_1403,0.2140693561135656
2016_1396_1409,0.669432157661785
2016_1396_1421,0.93
2016_1396_1423,0.93
2016_1396_1425,0.6216827416337566
2016_1396_1428,0.7704857660162898
2016_1396_1433,0.8874231146739239
2016_1396_1435,0.3295883318367212
2016_1396_1437,0.6388986772146834
2016_1396_1438,0.93
2016_1396_1451,0.93
2016_1396_1452,0.6881204831908045
2016_1396_1453,0.31228003880912714
2016_1396_1455,0.7687547261474383
2016_1396_1458,0.6577981346882182
2016_1396_1462,0.5377628429516019
2016_1396_1463,0.28307006567344706
2016_1400_1401,0.716348446989002
2016_1400_1403,0.491911606103843
2016_1400_1409,0.8931347371171798
2016_1400_1421,0.93
2016_1400_1423,0.7595025059581866
2016_1400_1425,0.7118568258557221
2016_1400_1428,0.7775168314059094
2016_1400_1433,0.9081748811265227
2016_1400_1435,0.6912448127917449
2016_1400_1437,0.4399860548538157
2016_1400_1438,0.9040023404466329
2016_1400_1451,0.8262370388304172
2016_1400_1452,0.49516520463649205
2016_1400_1453,0.46466262165603156
2016_1400_1455,0.7030483585686786
2016_1400_1458,0.5751865797795506
2016_1400_1462,0.36297899513567333
2016_1400_1463,0.7566233035370312
2016_1401_1403,0.5515154581941099
2016_1401_1409,0.7320828003817736
2016_1401_1421,0.93
2016_1401_1423,0.7597703744514646
2016_1401_1425,0.6690093970279036
2016_1401_1428,0.49850454947045686
2016_1401_1433,0.8923322706681777
2016_1401_1435,0.6910545840828397
2016_1401_1437,0.5928069628651216
2016_1401_1438,0.781662745957067
2016_1401_1451,0.8582029096115319
2016_1401_1452,0.3926555964254935
2016_1401_1453,0.32741581552942145
2016_1401_1455,0.46919562036232576
2016_1401_1458,0.448380764577451
2016_1401_1462,0.5169127734825729
2016_1401_1463,0.5703684536798277
2016_1403_1409,0.33152501788643796
2016_1403_1421,0.93
2016_1403_1423,0.6556103791416835
2016_1403_1425,0.2787015604131119
2016_1403_1428,0.09606333548461476
2016_1403_1433,0.690562930135064
2016_1403_1435,0.0702860880001176
2016_1403_1437,0.2050836102068987
2016_1403_1438,0.7258671230598676
2016_1403_1451,0.49022738650125086
2016_1403_1452,0.12164795545040663
2016_1403_1453,0.2716386264812264
2016_1403_1455,0.19088224106229668
2016_1403_1458,0.1254048737624961
2016_1403_1462,0.20646699840433935
2016_1403_1463,0.2857609376458239
2016_1409_1421,0.07222015538646931
2016_1409_1423,0.17515149881678982
2016_1409_1425,0.09434695140663563
2016_1409_1428,0.93
2016_1409_1433,0.07
2016_1409_1435,0.5827966155991763
2016_1409_1437,0.07
2016_1409_1438,0.9225531115690544
2016_1409_1451,0.8811853527582749
2016_1409_1452,0.5367909957325868
2016_1409_1453,0.07
2016_1409_1455,0.9144681707346394
2016_1409_1458,0.93
2016_1409_1462,0.19871456071691473
2016_1409_1463,0.9129778502502356
2016_1421_1423,0.07
2016_1421_1425,0.07
2016_1421_1428,0.07
2016_1421_1433,0.07
2016_1421_1435,0.07
2016_1421_1437,0.07
2016_1421_1438,0.07
2016_1421_1451,0.19771077458443342
2016_1421_1452,0.07
2016_1421_1453,0.07
2016_1421_1455,0.25146373537758027
2016_1421_1458,0.93
2016_1421_1462,0.07
2016_1421_1463,0.11702409879995823
2016_1423_1425,0.07
2016_1423_1428,0.08623620234814067
2016_1423_1433,0.07
2016_1423_1435,0.13361800428720183
2016_1423_1437,0.15210558721690826
2016_1423_1438,0.07
2016_1423_1451,0.6394978371205127
2016_1423_1452,0.42808244924856975
2016_1423_1453,0.07
2016_1423_1455,0.42364338849293903
2016_1423_1458,0.28682269736237376
2016_1423_1462,0.14429098168522803
2016_1423_1463,0.6342872599297721
2016_1425_1428,0.10151605237229522
2016_1425_1433,0.11157123297992355
2016_1425_1435,0.07
2016_1425_1437,0.36704197562665863
2016_1425_1438,0.5607462601872779
2016_1425_1451,0.41114574548945515
2016_1425_1452,0.25268846198827255
2016_1425_1453,0.4326949846192175
2016_1425_1455,0.22218045101906125
2016_1425_1458,0.09344845247182632
2016_1425_1462,0.22493821774798173
2016_1425_1463,0.893736457357508
2016_1428_1433,0.93
2016_1428_1435,0.8280231289889125
2016_1428_1437,0.7667966758673456
2016_1428_1438,0.93
2016_1428_1451,0.93
2016_1428_1452,0.6720727834481652
2016_1428_1453,0.8069640103467631
2016_1428_1455,0.9230303018684889
2016_1428_1458,0.9180732245737919
2016_1428_1462,0.770740524877751
2016_1428_1463,0.93
2016_1433_1435,0.23066249368962743
2016_1433_1437,0.22377224695015385
2016_1433_1438,0.33579647013474445
2016_1433_1451,0.8586356067858218
2016_1433_1452,0.07
2016_1433_1453,0.5671028202566548
2016_1433_1455,0.2607901977917414
2016_1433_1458,0.23865789529471593
2016_1433_1462,0.168090578566637
2016_1433_1463,0.5755121723479426
2016_1435_1437,0.07
2016_1435_1438,0.07
2016_1435_1451,0.07
2016_1435_1452,0.07
2016_1435_1453,0.6638142452176669
2016_1435_1455,0.07
2016_1435_1458,0.07
2016_1435_1462,0.07
2016_1435_1463,0.07
2016_1437_1438,0.93
2016_1437_1451,0.93
2016_1437_1452,0.5241496591249998
2016_1437_1453,0.07
2016_1437_1455,0.93
2016_1437_1458,0.93
2016_1437_1462,0.13098281142576784
2016_1437_1463,0.93
2016_1438_1451,0.93
2016_1438_1452,0.4240545366640799
2016_1438_1453,0.9057529789985855
2016_1438_1455,0.8645144739227936
2016_1438_1458,0.6566366104191509
2016_1438_1462,0.8590829870714307
2016_1438_1463,0.8359749879496976
2016_1451_1452,0.07
2016_1451_1453,0.07
2016_1451_1455,0.4539592302079941
2016_1451_1458,0.7990322720485179
2016_1451_1462,0.07
2016_1451_1463,0.3454624926768488
2016_1452_1453,0.2929209687957046
2016_1452_1455,0.93
2016_1452_1458,0.8445762712716918
2016_1452_1462,0.7234260698701371
2016_1452_1463,0.93
2016_1453_1455,0.18110223529449443
2016_1453_1458,0.3493296941678935
2016_1453_1462,0.07
2016_1453_1463,0.5310446544507283
2016_1455_1458,0.3243976062522341
2016_1455_1462,0.1407478855169778
2016_1455_1463,0.29189887448311125
2016_1458_1462,0.10998747698445044
2016_1458_1463,0.19479034680954355
2016_1462_1463,0.93
